week_start_date,channel,campaign,impressions,clicks,conversions,spend,revenue,roas,roi_pct
2024-01-01,Affiliate,Affiliate - Partner A,9064,293,12,750.85,2414.47,3.216,221.56
2024-01-01,Affiliate,Affiliate - Partner B,31591,897,38,598.12,1652.26,2.762,176.24
2024-01-01,Display,Display - Banner,40186,722,30,970.29,1103.64,1.137,13.74
2024-01-01,Display,Display - Native,19935,258,14,470.52,590.23,1.254,25.44
2024-01-01,Email,Email - Newsletter,1597,53,1,159.29,962.61,6.043,504.31
2024-01-01,Email,Email - Promo,13586,163,1,122.08,777.82,6.371,537.14
2024-01-01,Organic/SEO,SEO - Blog,40614,990,48,269.57,1643.88,6.098,509.82
2024-01-01,Organic/SEO,SEO - Landing Pages,75296,942,36,191.19,1162.73,6.082,508.15
2024-01-01,Paid Search,Search - Brand,23599,694,11,2115.73,5670.17,2.68,168.0
2024-01-01,Paid Search,Search - Competitor,17901,605,24,1430.36,5133.41,3.589,258.89
2024-01-01,Paid Search,Search - Generic,92049,873,36,2458.56,8024.54,3.264,226.39
2024-01-01,Paid Social,Social - Lookalike,190574,1982,114,872.49,2372.64,2.719,171.94
2024-01-01,Paid Social,Social - Prospecting,53581,1820,98,918.13,2406.65,2.621,162.13
2024-01-01,Paid Social,Social - Retargeting,13431,487,31,1661.32,3308.42,1.991,99.14
2024-01-08,Affiliate,Affiliate - Partner A,26828,598,19,259.11,774.65,2.99,198.97
2024-01-08,Affiliate,Affiliate - Partner B,12578,138,10,301.17,1093.74,3.632,263.16
2024-01-08,Display,Display - Banner,6413,193,8,539.28,981.32,1.82,81.97
2024-01-08,Display,Display - Native,8113,170,4,545.02,501.41,0.92,-8.0
2024-01-08,Email,Email - Newsletter,4173,146,9,126.49,725.77,5.738,473.78
2024-01-08,Email,Email - Promo,3890,99,5,229.87,1317.77,5.733,473.27
2024-01-08,Organic/SEO,SEO - Blog,184197,1068,82,274.32,1329.9,4.848,384.8
2024-01-08,Organic/SEO,SEO - Landing Pages,140652,3099,137,244.69,1682.54,6.876,587.62
2024-01-08,Paid Search,Search - Brand,311480,4625,141,2250.79,5927.13,2.633,163.34
2024-01-08,Paid Search,Search - Competitor,718747,5859,354,2183.83,6265.49,2.869,186.9
2024-01-08,Paid Search,Search - Generic,24246,685,26,1925.26,5749.55,2.986,198.64
2024-01-08,Paid Social,Social - Lookalike,5787,213,12,722.71,1160.95,1.606,60.64
2024-01-08,Paid Social,Social - Prospecting,63305,654,38,1246.63,2640.81,2.118,111.84
2024-01-08,Paid Social,Social - Retargeting,35772,968,34,1224.62,2866.72,2.341,134.09
2024-01-15,Affiliate,Affiliate - Partner A,32019,361,18,285.93,1075.62,3.762,276.18
2024-01-15,Affiliate,Affiliate - Partner B,19497,628,49,812.19,2926.07,3.603,260.27
2024-01-15,Display,Display - Banner,97536,641,25,530.37,550.57,1.038,3.81
2024-01-15,Display,Display - Native,12217,442,32,1193.14,1633.45,1.369,36.9
2024-01-15,Email,Email - Newsletter,2272,64,2,179.71,1223.11,6.806,580.6
2024-01-15,Email,Email - Promo,1693,64,1,73.62,517.97,7.036,603.57
2024-01-15,Organic/SEO,SEO - Blog,349671,4559,87,250.22,1577.35,6.304,530.39
2024-01-15,Organic/SEO,SEO - Landing Pages,45530,1334,67,303.3,1225.27,4.04,303.98
2024-01-15,Paid Search,Search - Brand,91953,1319,43,2394.3,6477.13,2.705,170.52
2024-01-15,Paid Search,Search - Competitor,56189,1603,47,1038.42,2785.22,2.682,168.22
2024-01-15,Paid Search,Search - Generic,134551,4564,331,1685.14,4876.71,2.894,189.39
2024-01-15,Paid Social,Social - Lookalike,33987,516,23,1731.55,3217.64,1.858,85.82
2024-01-15,Paid Social,Social - Prospecting,62821,551,40,1523.19,5271.39,3.461,246.08
2024-01-15,Paid Social,Social - Retargeting,24690,444,30,922.3,1679.44,1.821,82.09
2024-01-22,Affiliate,Affiliate - Partner A,24189,362,7,300.71,988.94,3.289,228.87
2024-01-22,Affiliate,Affiliate - Partner B,52913,588,8,280.84,780.99,2.781,178.09
2024-01-22,Display,Display - Banner,6417,227,11,509.38,629.05,1.235,23.49
2024-01-22,Display,Display - Native,7946,281,11,671.31,637.24,0.949,-5.08
2024-01-22,Email,Email - Newsletter,1220,41,0,111.96,471.64,4.213,321.26
2024-01-22,Email,Email - Promo,2539,86,2,66.64,341.98,5.132,413.18
2024-01-22,Organic/SEO,SEO - Blog,91570,1477,66,277.34,2139.75,7.715,671.53
2024-01-22,Organic/SEO,SEO - Landing Pages,489586,5558,147,362.5,2042.37,5.634,463.41
2024-01-22,Paid Search,Search - Brand,14255,440,8,1139.62,3456.4,3.033,203.29
2024-01-22,Paid Search,Search - Competitor,42362,1583,18,1926.87,7454.48,3.869,286.87
2024-01-22,Paid Search,Search - Generic,41330,642,28,1010.38,3480.01,3.444,244.43
2024-01-22,Paid Social,Social - Lookalike,76873,2616,172,1698.67,4398.47,2.589,158.94
2024-01-22,Paid Social,Social - Prospecting,217415,2155,84,1377.28,3451.39,2.506,150.59
2024-01-22,Paid Social,Social - Retargeting,17917,594,25,1952.72,6885.5,3.526,252.61
2024-01-29,Affiliate,Affiliate - Partner A,42505,354,21,802.5,2355.5,2.935,193.52
2024-01-29,Affiliate,Affiliate - Partner B,9076,350,23,259.15,547.84,2.114,111.4
2024-01-29,Display,Display - Banner,25545,467,27,630.76,1037.94,1.646,64.55
2024-01-29,Display,Display - Native,8015,175,5,567.19,1032.3,1.82,82.0
2024-01-29,Email,Email - Newsletter,2292,76,3,183.86,1331.87,7.244,624.39
2024-01-29,Email,Email - Promo,6454,78,4,208.23,1000.04,4.803,380.26
2024-01-29,Organic/SEO,SEO - Blog,22224,847,23,278.1,2020.41,7.265,626.5
2024-01-29,Organic/SEO,SEO - Landing Pages,94768,1042,51,277.02,1577.53,5.695,469.46
2024-01-29,Paid Search,Search - Brand,111393,749,27,1223.96,4879.53,3.987,298.67
2024-01-29,Paid Search,Search - Competitor,7712,303,20,968.49,3548.28,3.664,266.37
2024-01-29,Paid Search,Search - Generic,83447,569,42,1690.38,4469.02,2.644,164.38
2024-01-29,Paid Social,Social - Lookalike,27104,531,13,973.05,2118.19,2.177,117.69
2024-01-29,Paid Social,Social - Prospecting,62311,605,28,1691.27,4112.29,2.431,143.15
2024-01-29,Paid Social,Social - Retargeting,40101,741,40,1319.91,4333.13,3.283,228.29
2024-02-05,Affiliate,Affiliate - Partner A,5958,89,6,277.41,484.07,1.745,74.5
2024-02-05,Affiliate,Affiliate - Partner B,12776,465,5,274.49,814.99,2.969,196.91
2024-02-05,Display,Display - Banner,7004,211,16,731.43,954.2,1.305,30.46
2024-02-05,Display,Display - Native,18667,173,8,406.63,907.22,2.231,123.11
2024-02-05,Email,Email - Newsletter,3718,126,3,221.52,1242.26,5.608,460.79
2024-02-05,Email,Email - Promo,3499,130,8,164.64,774.77,4.706,370.58
2024-02-05,Organic/SEO,SEO - Blog,44818,535,39,172.25,1082.5,6.284,528.45
2024-02-05,Organic/SEO,SEO - Landing Pages,840184,5720,299,296.88,1835.01,6.181,518.1
2024-02-05,Paid Search,Search - Brand,28294,898,59,1773.13,3642.64,2.054,105.44
2024-02-05,Paid Search,Search - Competitor,18005,578,32,949.11,3211.96,3.384,238.42
2024-02-05,Paid Search,Search - Generic,54185,498,9,1636.66,3548.9,2.168,116.84
2024-02-05,Paid Social,Social - Lookalike,14537,549,35,1136.65,3738.3,3.289,228.89
2024-02-05,Paid Social,Social - Prospecting,26885,389,13,1067.09,2710.12,2.54,153.97
2024-02-05,Paid Social,Social - Retargeting,35615,1345,54,1040.22,2401.33,2.308,130.85
2024-02-12,Affiliate,Affiliate - Partner A,20044,387,9,627.69,1812.18,2.887,188.71
2024-02-12,Affiliate,Affiliate - Partner B,74933,1472,63,611.81,1432.44,2.341,134.13
2024-02-12,Display,Display - Banner,12183,305,6,712.7,1048.49,1.471,47.12
2024-02-12,Display,Display - Native,18140,535,29,1151.42,1338.97,1.163,16.29
2024-02-12,Email,Email - Newsletter,7679,147,6,285.15,1677.64,5.883,488.34
2024-02-12,Email,Email - Promo,4277,67,2,79.8,444.44,5.569,456.94
2024-02-12,Organic/SEO,SEO - Blog,22860,676,37,167.68,896.33,5.345,434.55
2024-02-12,Organic/SEO,SEO - Landing Pages,37489,908,36,295.73,2141.97,7.243,624.3
2024-02-12,Paid Search,Search - Brand,102240,716,47,2162.52,5317.44,2.459,145.89
2024-02-12,Paid Search,Search - Competitor,14170,493,10,1143.03,4431.29,3.877,287.68
2024-02-12,Paid Search,Search - Generic,27323,938,12,2377.25,7842.3,3.299,229.89
2024-02-12,Paid Social,Social - Lookalike,234950,2684,210,1593.41,4711.68,2.957,195.7
2024-02-12,Paid Social,Social - Prospecting,46772,1396,109,1628.47,3040.55,1.867,86.71
2024-02-12,Paid Social,Social - Retargeting,98730,640,46,1456.16,3838.0,2.636,163.57
2024-02-19,Affiliate,Affiliate - Partner A,56739,643,47,503.65,1854.62,3.682,268.24
2024-02-19,Affiliate,Affiliate - Partner B,8439,187,9,231.25,489.58,2.117,111.71
2024-02-19,Display,Display - Banner,12167,226,12,579.87,861.71,1.486,48.6
2024-02-19,Display,Display - Native,14536,156,3,309.65,500.49,1.616,61.63
2024-02-19,Email,Email - Newsletter,3608,124,9,259.08,1846.96,7.129,612.89
2024-02-19,Email,Email - Promo,6921,54,3,85.4,589.59,6.904,590.39
2024-02-19,Organic/SEO,SEO - Blog,53091,1833,100,247.99,1377.86,5.556,455.61
2024-02-19,Organic/SEO,SEO - Landing Pages,132076,929,33,294.74,1826.19,6.196,519.59
2024-02-19,Paid Search,Search - Brand,31184,960,69,1864.22,8386.82,4.499,349.88
2024-02-19,Paid Search,Search - Competitor,106841,742,21,2223.55,7855.34,3.533,253.28
2024-02-19,Paid Search,Search - Generic,36489,1204,38,2365.8,7503.39,3.172,217.16
2024-02-19,Paid Social,Social - Lookalike,5697,227,14,767.54,476.86,0.621,-37.87
2024-02-19,Paid Social,Social - Prospecting,26392,818,9,1067.78,2364.92,2.215,121.48
2024-02-19,Paid Social,Social - Retargeting,113526,1178,61,1758.04,2642.27,1.503,50.3
2024-02-26,Affiliate,Affiliate - Partner A,7724,303,11,542.79,1794.63,3.306,230.63
2024-02-26,Affiliate,Affiliate - Partner B,10976,363,27,755.58,2672.66,3.537,253.72
2024-02-26,Display,Display - Banner,9764,378,24,985.29,1424.12,1.445,44.54
2024-02-26,Display,Display - Native,19996,408,19,1080.12,1712.81,1.586,58.58
2024-02-26,Email,Email - Newsletter,4042,61,3,213.53,1518.44,7.111,611.11
2024-02-26,Email,Email - Promo,53006,341,21,237.5,1205.57,5.076,407.61
2024-02-26,Organic/SEO,SEO - Blog,286526,1921,33,346.77,2440.47,7.038,603.77
2024-02-26,Organic/SEO,SEO - Landing Pages,26720,943,58,302.59,1449.87,4.792,379.15
2024-02-26,Paid Search,Search - Brand,26084,571,36,1717.2,6064.01,3.531,253.13
2024-02-26,Paid Search,Search - Competitor,23580,875,47,1379.0,3799.97,2.756,175.56
2024-02-26,Paid Search,Search - Generic,27397,700,48,2248.43,7097.06,3.156,215.65
2024-02-26,Paid Social,Social - Lookalike,17220,460,19,1584.25,3982.66,2.514,151.39
2024-02-26,Paid Social,Social - Prospecting,158294,929,69,848.51,2494.71,2.94,194.01
2024-02-26,Paid Social,Social - Retargeting,105403,554,16,1227.49,3084.42,2.513,151.28
2024-03-04,Affiliate,Affiliate - Partner A,6907,214,10,427.74,1343.55,3.141,214.1
2024-03-04,Affiliate,Affiliate - Partner B,37636,613,12,657.41,1671.83,2.543,154.31
2024-03-04,Display,Display - Banner,14175,525,23,817.38,496.75,0.608,-39.23
2024-03-04,Display,Display - Native,67692,817,9,420.93,828.03,1.967,96.71
2024-03-04,Email,Email - Newsletter,5884,116,8,163.32,927.23,5.677,467.74
2024-03-04,Email,Email - Promo,5385,196,5,237.99,1094.18,4.598,359.76
2024-03-04,Organic/SEO,SEO - Blog,44897,1469,95,362.29,2522.31,6.962,596.21
2024-03-04,Organic/SEO,SEO - Landing Pages,20306,581,38,231.52,1678.54,7.25,625.01
2024-03-04,Paid Search,Search - Brand,76850,2057,144,2161.48,7177.89,3.321,232.08
2024-03-04,Paid Search,Search - Competitor,62845,2190,75,2322.58,9014.68,3.881,288.13
2024-03-04,Paid Search,Search - Generic,54172,327,12,807.65,2693.07,3.334,233.45
2024-03-04,Paid Social,Social - Lookalike,71895,1386,27,1730.4,6284.14,3.632,263.16
2024-03-04,Paid Social,Social - Prospecting,43349,819,23,1794.68,3870.83,2.157,115.68
2024-03-04,Paid Social,Social - Retargeting,189893,3222,194,1841.18,3188.86,1.732,73.2
2024-03-11,Affiliate,Affiliate - Partner A,77644,900,10,296.74,901.81,3.039,203.91
2024-03-11,Affiliate,Affiliate - Partner B,10352,258,13,277.44,492.83,1.776,77.63
2024-03-11,Display,Display - Banner,9664,161,6,301.11,366.07,1.216,21.57
2024-03-11,Display,Display - Native,54275,884,23,1002.52,893.33,0.891,-10.89
2024-03-11,Email,Email - Newsletter,9893,164,12,169.97,777.97,4.577,357.71
2024-03-11,Email,Email - Promo,2337,24,0,62.14,272.2,4.38,338.04
2024-03-11,Organic/SEO,SEO - Blog,38133,1017,21,354.83,2348.56,6.619,561.88
2024-03-11,Organic/SEO,SEO - Landing Pages,64239,2387,99,331.88,1801.53,5.428,442.83
2024-03-11,Paid Search,Search - Brand,105973,2615,44,2334.34,6961.69,2.982,198.23
2024-03-11,Paid Search,Search - Competitor,413962,5635,82,2431.62,6776.07,2.787,178.66
2024-03-11,Paid Search,Search - Generic,48823,984,12,1909.97,5706.25,2.988,198.76
2024-03-11,Paid Social,Social - Lookalike,422753,3772,265,1151.78,3211.73,2.788,178.85
2024-03-11,Paid Social,Social - Prospecting,140190,951,16,1237.16,2819.9,2.279,127.93
2024-03-11,Paid Social,Social - Retargeting,36665,449,13,1138.31,3448.51,3.029,202.95
2024-03-18,Affiliate,Affiliate - Partner A,10080,318,25,674.33,2389.6,3.544,254.37
2024-03-18,Affiliate,Affiliate - Partner B,44155,1451,67,493.49,1484.72,3.009,200.86
2024-03-18,Display,Display - Banner,7259,260,12,826.17,1077.8,1.305,30.46
2024-03-18,Display,Display - Native,72104,1861,57,859.61,1065.55,1.24,23.96
2024-03-18,Email,Email - Newsletter,23288,602,15,215.91,801.74,3.713,271.33
2024-03-18,Email,Email - Promo,4882,119,4,268.47,1487.03,5.539,453.89
2024-03-18,Organic/SEO,SEO - Blog,32668,615,35,222.39,1277.92,5.746,474.63
2024-03-18,Organic/SEO,SEO - Landing Pages,107393,1287,90,144.81,743.26,5.133,413.27
2024-03-18,Paid Search,Search - Brand,37447,1253,40,1825.82,7472.32,4.093,309.26
2024-03-18,Paid Search,Search - Competitor,116833,662,14,932.78,3143.84,3.37,237.04
2024-03-18,Paid Search,Search - Generic,111590,2175,70,2158.66,7385.36,3.421,242.13
2024-03-18,Paid Social,Social - Lookalike,750498,4188,333,1310.21,2120.46,1.618,61.84
2024-03-18,Paid Social,Social - Prospecting,37638,606,43,1615.26,5506.57,3.409,240.91
2024-03-18,Paid Social,Social - Retargeting,64357,1883,41,1431.36,3445.62,2.407,140.72
2024-03-25,Affiliate,Affiliate - Partner A,10025,224,3,537.04,1751.9,3.262,226.21
2024-03-25,Affiliate,Affiliate - Partner B,3839,137,10,376.71,1050.84,2.79,178.95
2024-03-25,Display,Display - Banner,25433,478,9,720.88,1199.14,1.663,66.34
2024-03-25,Display,Display - Native,8380,322,8,446.58,656.47,1.47,47.0
2024-03-25,Email,Email - Newsletter,1561,23,0,74.73,406.65,5.442,444.16
2024-03-25,Email,Email - Promo,3764,53,0,96.44,491.17,5.093,409.3
2024-03-25,Organic/SEO,SEO - Blog,137081,1030,20,395.37,2042.75,5.167,416.67
2024-03-25,Organic/SEO,SEO - Landing Pages,65861,2279,121,191.34,1144.67,5.982,498.24
2024-03-25,Paid Search,Search - Brand,42481,1303,93,2351.39,6158.2,2.619,161.9
2024-03-25,Paid Search,Search - Competitor,15696,554,36,1768.89,4662.99,2.636,163.61
2024-03-25,Paid Search,Search - Generic,17652,540,34,1444.39,4537.11,3.141,214.12
2024-03-25,Paid Social,Social - Lookalike,34609,902,68,1452.24,4227.14,2.911,191.08
2024-03-25,Paid Social,Social - Prospecting,47505,276,21,739.81,2409.18,3.256,225.65
2024-03-25,Paid Social,Social - Retargeting,19083,359,11,1128.0,3894.1,3.452,245.22
2024-04-01,Affiliate,Affiliate - Partner A,17578,374,14,841.79,2814.27,3.343,234.32
2024-04-01,Affiliate,Affiliate - Partner B,4904,165,10,572.32,1755.83,3.068,206.79
2024-04-01,Display,Display - Banner,4377,141,6,445.13,424.3,0.953,-4.68
2024-04-01,Display,Display - Native,18159,367,7,741.55,913.67,1.232,23.21
2024-04-01,Email,Email - Newsletter,1146,44,0,81.42,484.31,5.948,494.83
2024-04-01,Email,Email - Promo,27925,169,3,188.6,820.25,4.349,334.92
2024-04-01,Organic/SEO,SEO - Blog,38115,646,8,240.63,1694.55,7.042,604.21
2024-04-01,Organic/SEO,SEO - Landing Pages,24169,756,49,202.72,1199.93,5.919,491.91
2024-04-01,Paid Search,Search - Brand,146075,1550,107,1722.02,5158.84,2.996,199.58
2024-04-01,Paid Search,Search - Competitor,57306,2175,40,2092.03,6540.27,3.126,212.63
2024-04-01,Paid Search,Search - Generic,79860,1437,55,1793.19,4965.06,2.769,176.88
2024-04-01,Paid Social,Social - Lookalike,66597,912,24,1824.41,3324.53,1.822,82.22
2024-04-01,Paid Social,Social - Prospecting,46698,1617,36,1854.57,3029.98,1.634,63.38
2024-04-01,Paid Social,Social - Retargeting,36371,1086,75,1179.0,3222.62,2.733,173.34
2024-04-08,Affiliate,Affiliate - Partner A,41347,493,31,664.04,2051.5,3.089,208.94
2024-04-08,Affiliate,Affiliate - Partner B,34530,329,9,802.44,1907.78,2.377,137.75
2024-04-08,Display,Display - Banner,16062,613,21,778.27,861.45,1.107,10.69
2024-04-08,Display,Display - Native,15202,459,20,964.66,1211.72,1.256,25.61
2024-04-08,Email,Email - Newsletter,6830,116,4,276.77,1750.23,6.324,532.38
2024-04-08,Email,Email - Promo,9484,269,15,160.01,880.53,5.503,450.3
2024-04-08,Organic/SEO,SEO - Blog,13401,494,11,141.6,1025.7,7.244,624.36
2024-04-08,Organic/SEO,SEO - Landing Pages,25956,684,19,262.62,1042.72,3.97,297.05
2024-04-08,Paid Search,Search - Brand,24885,681,6,1160.32,3789.04,3.266,226.55
2024-04-08,Paid Search,Search - Competitor,18220,679,21,1058.96,3332.45,3.147,214.69
2024-04-08,Paid Search,Search - Generic,237224,4991,94,2488.73,7645.59,3.072,207.21
2024-04-08,Paid Social,Social - Lookalike,6626,207,16,656.36,1022.24,1.557,55.74
2024-04-08,Paid Social,Social - Prospecting,25779,670,28,1616.65,4951.49,3.063,206.28
2024-04-08,Paid Social,Social - Retargeting,77436,2225,154,1930.09,2859.57,1.482,48.16
2024-04-15,Affiliate,Affiliate - Partner A,165922,1631,106,853.03,3085.96,3.618,261.76
2024-04-15,Affiliate,Affiliate - Partner B,17948,160,10,389.44,1150.87,2.955,195.52
2024-04-15,Display,Display - Banner,26066,330,22,532.03,786.28,1.478,47.79
2024-04-15,Display,Display - Native,197798,3316,218,1074.51,1119.91,1.042,4.23
2024-04-15,Email,Email - Newsletter,10276,93,3,259.79,1408.75,5.423,442.26
2024-04-15,Email,Email - Promo,19092,378,20,299.65,1374.53,4.587,358.71
2024-04-15,Organic/SEO,SEO - Blog,27877,628,36,152.91,943.14,6.168,516.79
2024-04-15,Organic/SEO,SEO - Landing Pages,32024,739,12,295.81,1689.88,5.713,471.27
2024-04-15,Paid Search,Search - Brand,28648,544,31,1863.31,6936.67,3.723,272.28
2024-04-15,Paid Search,Search - Competitor,74649,1796,79,2391.09,8461.35,3.539,253.87
2024-04-15,Paid Search,Search - Generic,10243,270,11,839.49,2464.78,2.936,193.6
2024-04-15,Paid Social,Social - Lookalike,43164,1190,36,1272.85,2002.97,1.574,57.36
2024-04-15,Paid Social,Social - Prospecting,37164,1373,102,1485.08,2884.93,1.943,94.26
2024-04-15,Paid Social,Social - Retargeting,20873,663,42,1780.65,4740.99,2.663,166.25
2024-04-22,Affiliate,Affiliate - Partner A,5805,110,8,323.4,1102.64,3.41,240.95
2024-04-22,Affiliate,Affiliate - Partner B,9065,170,12,296.05,775.43,2.619,161.93
2024-04-22,Display,Display - Banner,4347,147,7,451.2,542.54,1.202,20.24
2024-04-22,Display,Display - Native,21509,663,18,1037.28,1921.75,1.853,85.27
2024-04-22,Email,Email - Newsletter,4138,88,3,238.08,1288.3,5.411,441.12
2024-04-22,Email,Email - Promo,4147,38,0,104.8,519.48,4.957,395.69
2024-04-22,Organic/SEO,SEO - Blog,262965,3347,187,392.68,1397.53,3.559,255.9
2024-04-22,Organic/SEO,SEO - Landing Pages,30969,752,51,186.73,875.99,4.691,369.12
2024-04-22,Paid Search,Search - Brand,73076,1545,61,2037.33,7511.29,3.687,268.68
2024-04-22,Paid Search,Search - Competitor,52933,1652,109,2196.09,8458.86,3.852,285.18
2024-04-22,Paid Search,Search - Generic,19041,620,42,887.41,3070.29,3.46,245.98
2024-04-22,Paid Social,Social - Lookalike,105716,2942,198,1210.84,2734.69,2.259,125.85
2024-04-22,Paid Social,Social - Prospecting,47333,1693,28,1287.76,2904.85,2.256,125.57
2024-04-22,Paid Social,Social - Retargeting,230569,1579,15,814.94,2127.99,2.611,161.12
2024-04-29,Affiliate,Affiliate - Partner A,6656,209,14,633.7,1458.98,2.302,130.23
2024-04-29,Affiliate,Affiliate - Partner B,67579,1287,42,568.24,1870.24,3.291,229.13
2024-04-29,Display,Display - Banner,120544,1476,58,911.57,1726.48,1.894,89.4
2024-04-29,Display,Display - Native,9251,150,5,458.52,577.3,1.259,25.91
2024-04-29,Email,Email - Newsletter,2085,55,1,63.82,496.62,7.782,678.16
2024-04-29,Email,Email - Promo,50119,439,7,272.09,1302.34,4.786,378.64
2024-04-29,Organic/SEO,SEO - Blog,105546,1157,90,384.59,2758.07,7.171,617.15
2024-04-29,Organic/SEO,SEO - Landing Pages,51793,1319,25,249.59,1648.24,6.604,560.38
2024-04-29,Paid Search,Search - Brand,168147,4381,192,2007.91,6011.93,2.994,199.41
2024-04-29,Paid Search,Search - Competitor,46078,738,36,1455.13,4922.86,3.383,238.31
2024-04-29,Paid Search,Search - Generic,13409,455,22,1242.31,3355.57,2.701,170.11
2024-04-29,Paid Social,Social - Lookalike,75719,1931,45,1909.76,5442.96,2.85,185.01
2024-04-29,Paid Social,Social - Prospecting,410227,5099,370,1547.31,4301.08,2.78,177.97
2024-04-29,Paid Social,Social - Retargeting,22239,477,20,1504.81,4164.98,2.768,176.78
2024-05-06,Affiliate,Affiliate - Partner A,26690,386,8,815.13,3180.44,3.902,290.18
2024-05-06,Affiliate,Affiliate - Partner B,9487,368,28,742.44,1362.68,1.835,83.54
2024-05-06,Display,Display - Banner,67834,464,35,1134.75,1770.32,1.56,56.01
2024-05-06,Display,Display - Native,58702,303,3,653.24,946.69,1.449,44.92
2024-05-06,Email,Email - Newsletter,18406,571,39,220.1,1290.6,5.864,486.37
2024-05-06,Email,Email - Promo,16844,548,18,174.1,1096.11,6.296,529.59
2024-05-06,Organic/SEO,SEO - Blog,38673,1382,50,356.69,1823.06,5.111,411.1
2024-05-06,Organic/SEO,SEO - Landing Pages,24077,596,46,130.33,943.21,7.237,623.71
2024-05-06,Paid Search,Search - Brand,60427,2134,109,1345.85,4722.72,3.509,250.91
2024-05-06,Paid Search,Search - Competitor,84766,1762,87,2385.73,7429.68,3.114,211.42
2024-05-06,Paid Search,Search - Generic,30853,838,62,1409.74,4136.9,2.935,193.45
2024-05-06,Paid Social,Social - Lookalike,23626,331,22,900.35,1919.28,2.132,113.17
2024-05-06,Paid Social,Social - Prospecting,37041,601,20,1246.55,3217.57,2.581,158.12
2024-05-06,Paid Social,Social - Retargeting,44838,1359,50,1130.03,3891.58,3.444,244.38
2024-05-13,Affiliate,Affiliate - Partner A,3821,95,3,309.03,838.06,2.712,171.19
2024-05-13,Affiliate,Affiliate - Partner B,9450,150,3,511.51,1717.73,3.358,235.82
2024-05-13,Display,Display - Banner,4412,120,4,372.66,582.53,1.563,56.32
2024-05-13,Display,Display - Native,8598,342,26,687.97,1015.17,1.476,47.56
2024-05-13,Email,Email - Newsletter,1283,47,0,60.1,286.54,4.768,376.77
2024-05-13,Email,Email - Promo,59206,420,28,283.97,1194.98,4.208,320.81
2024-05-13,Organic/SEO,SEO - Blog,63299,2238,133,185.81,956.48,5.148,414.76
2024-05-13,Organic/SEO,SEO - Landing Pages,26618,1012,19,349.01,2615.81,7.495,649.49
2024-05-13,Paid Search,Search - Brand,62905,1234,22,1832.26,6992.73,3.816,281.65
2024-05-13,Paid Search,Search - Competitor,16155,471,10,840.75,2848.48,3.388,238.8
2024-05-13,Paid Search,Search - Generic,113670,1777,126,2151.08,6157.34,2.862,186.24
2024-05-13,Paid Social,Social - Lookalike,13808,460,35,735.53,2152.11,2.926,192.59
2024-05-13,Paid Social,Social - Prospecting,105101,673,28,1535.66,3665.08,2.387,138.66
2024-05-13,Paid Social,Social - Retargeting,153665,1782,60,1331.15,1925.72,1.447,44.67
2024-05-20,Affiliate,Affiliate - Partner A,21475,650,14,671.0,2222.5,3.312,231.22
2024-05-20,Affiliate,Affiliate - Partner B,59283,1329,61,855.67,2083.99,2.436,143.55
2024-05-20,Display,Display - Banner,14938,402,9,811.71,1138.31,1.402,40.24
2024-05-20,Display,Display - Native,8688,332,11,1020.53,2236.89,2.192,119.19
2024-05-20,Email,Email - Newsletter,1102,42,1,72.64,561.45,7.729,672.92
2024-05-20,Email,Email - Promo,16886,274,15,242.69,1283.97,5.291,429.06
2024-05-20,Organic/SEO,SEO - Blog,28792,634,27,252.46,1507.69,5.972,497.2
2024-05-20,Organic/SEO,SEO - Landing Pages,67725,879,48,226.53,1570.47,6.933,593.27
2024-05-20,Paid Search,Search - Brand,28934,1055,82,2152.84,7487.66,3.478,247.8
2024-05-20,Paid Search,Search - Competitor,82829,2675,110,1465.56,5604.86,3.824,282.44
2024-05-20,Paid Search,Search - Generic,61278,1135,40,1998.23,3529.82,1.766,76.65
2024-05-20,Paid Social,Social - Lookalike,162959,1176,27,930.9,2053.2,2.206,120.56
2024-05-20,Paid Social,Social - Prospecting,438681,4612,112,1902.96,6253.96,3.286,228.64
2024-05-20,Paid Social,Social - Retargeting,26690,1008,79,1966.03,5429.37,2.762,176.16
2024-05-27,Affiliate,Affiliate - Partner A,5935,199,8,536.79,1643.33,3.061,206.14
2024-05-27,Affiliate,Affiliate - Partner B,47617,532,22,774.39,2003.89,2.588,158.77
2024-05-27,Display,Display - Banner,15569,162,3,545.33,1166.13,2.138,113.84
2024-05-27,Display,Display - Native,5661,179,10,562.2,857.54,1.525,52.53
2024-05-27,Email,Email - Newsletter,5019,51,1,93.8,598.26,6.378,537.8
2024-05-27,Email,Email - Promo,2055,61,0,127.08,696.06,5.477,447.73
2024-05-27,Organic/SEO,SEO - Blog,43416,694,20,217.62,864.25,3.971,297.14
2024-05-27,Organic/SEO,SEO - Landing Pages,49764,892,23,139.27,996.86,7.158,615.78
2024-05-27,Paid Search,Search - Brand,13521,492,21,886.42,3867.35,4.363,336.29
2024-05-27,Paid Search,Search - Competitor,47295,812,45,1884.49,8197.14,4.35,334.98
2024-05-27,Paid Search,Search - Generic,11742,380,15,902.56,3118.3,3.455,245.5
2024-05-27,Paid Social,Social - Lookalike,10881,339,24,783.62,2409.65,3.075,207.5
2024-05-27,Paid Social,Social - Prospecting,52118,1036,69,1540.6,3027.64,1.965,96.52
2024-05-27,Paid Social,Social - Retargeting,58840,738,45,1308.07,2129.75,1.628,62.82
2024-06-03,Affiliate,Affiliate - Partner A,17108,343,13,393.35,911.89,2.318,131.83
2024-06-03,Affiliate,Affiliate - Partner B,7455,136,9,377.12,1052.18,2.79,179.0
2024-06-03,Display,Display - Banner,35717,549,12,1144.92,672.87,0.588,-41.23
2024-06-03,Display,Display - Native,7434,142,9,475.67,480.55,1.01,1.03
2024-06-03,Email,Email - Newsletter,7630,255,7,220.33,1051.28,4.771,377.14
2024-06-03,Email,Email - Promo,3342,112,2,278.32,1569.7,5.64,463.99
2024-06-03,Organic/SEO,SEO - Blog,16460,655,8,163.92,1071.27,6.535,553.53
2024-06-03,Organic/SEO,SEO - Landing Pages,59878,486,18,162.4,1025.78,6.316,531.64
2024-06-03,Paid Search,Search - Brand,40247,1107,78,2097.36,5961.88,2.843,184.26
2024-06-03,Paid Search,Search - Competitor,208137,4517,201,1583.58,6016.43,3.799,279.93
2024-06-03,Paid Search,Search - Generic,21548,793,51,2498.01,4559.27,1.825,82.52
2024-06-03,Paid Social,Social - Lookalike,80928,1164,61,1845.86,5360.29,2.904,190.4
2024-06-03,Paid Social,Social - Prospecting,16510,566,9,1170.31,3025.99,2.586,158.56
2024-06-03,Paid Social,Social - Retargeting,7609,303,21,915.25,2608.04,2.85,184.95
2024-06-10,Affiliate,Affiliate - Partner A,14011,500,23,856.96,1728.82,2.017,101.74
2024-06-10,Affiliate,Affiliate - Partner B,17711,267,4,721.34,2273.32,3.152,215.15
2024-06-10,Display,Display - Banner,11543,219,2,661.84,1631.9,2.466,146.57
2024-06-10,Display,Display - Native,12759,158,11,445.75,587.78,1.319,31.86
2024-06-10,Email,Email - Newsletter,37673,255,18,262.75,829.16,3.156,215.57
2024-06-10,Email,Email - Promo,4847,46,2,126.45,590.42,4.669,366.92
2024-06-10,Organic/SEO,SEO - Blog,29772,756,28,171.5,1125.75,6.564,556.41
2024-06-10,Organic/SEO,SEO - Landing Pages,80056,2464,141,336.07,1980.15,5.892,489.21
2024-06-10,Paid Search,Search - Brand,193289,2289,88,2070.03,4197.67,2.028,102.78
2024-06-10,Paid Search,Search - Competitor,33809,460,28,1500.13,5041.07,3.36,236.04
2024-06-10,Paid Search,Search - Generic,23487,685,53,1615.01,4029.47,2.495,149.5
2024-06-10,Paid Social,Social - Lookalike,89653,872,66,972.44,2186.6,2.249,124.86
2024-06-10,Paid Social,Social - Prospecting,76624,921,21,1656.4,5101.07,3.08,207.96
2024-06-10,Paid Social,Social - Retargeting,11913,438,28,1249.36,3379.33,2.705,170.48
2024-06-17,Affiliate,Affiliate - Partner A,14862,322,13,644.89,1120.38,1.737,73.73
2024-06-17,Affiliate,Affiliate - Partner B,6165,206,7,648.31,2212.33,3.412,241.25
2024-06-17,Display,Display - Banner,18581,113,4,349.69,544.15,1.556,55.61
2024-06-17,Display,Display - Native,30392,426,30,1150.63,1249.67,1.086,8.61
2024-06-17,Email,Email - Newsletter,10086,238,15,236.52,1343.06,5.678,467.84
2024-06-17,Email,Email - Promo,7445,287,17,111.42,419.19,3.762,276.23
2024-06-17,Organic/SEO,SEO - Blog,19125,700,52,273.58,1741.12,6.364,536.42
2024-06-17,Organic/SEO,SEO - Landing Pages,197299,1608,29,199.65,1442.98,7.228,622.75
2024-06-17,Paid Search,Search - Brand,15353,593,35,1689.25,4081.92,2.416,141.64
2024-06-17,Paid Search,Search - Competitor,42896,1529,45,2477.27,7064.91,2.852,185.19
2024-06-17,Paid Search,Search - Generic,60502,1654,71,2360.36,10370.18,4.393,339.35
2024-06-17,Paid Social,Social - Lookalike,9950,246,10,634.23,951.09,1.5,49.96
2024-06-17,Paid Social,Social - Prospecting,13779,495,15,1702.91,3995.72,2.346,134.64
2024-06-17,Paid Social,Social - Retargeting,26705,749,50,1678.27,2401.55,1.431,43.1
2024-06-24,Affiliate,Affiliate - Partner A,14284,321,17,582.06,1708.93,2.936,193.6
2024-06-24,Affiliate,Affiliate - Partner B,16340,426,26,849.58,1891.67,2.227,122.66
2024-06-24,Display,Display - Banner,18852,460,24,565.52,607.22,1.074,7.37
2024-06-24,Display,Display - Native,39591,1159,66,849.3,753.93,0.888,-11.23
2024-06-24,Email,Email - Newsletter,6574,127,2,220.65,980.31,4.443,344.28
2024-06-24,Email,Email - Promo,2932,39,2,105.59,483.84,4.582,358.23
2024-06-24,Organic/SEO,SEO - Blog,14922,556,24,121.56,804.06,6.615,561.45
2024-06-24,Organic/SEO,SEO - Landing Pages,102109,1157,29,240.5,1883.36,7.831,683.1
2024-06-24,Paid Search,Search - Brand,177923,1715,116,921.22,3833.63,4.161,316.15
2024-06-24,Paid Search,Search - Competitor,56918,974,41,1687.61,4183.6,2.479,147.9
2024-06-24,Paid Search,Search - Generic,21462,770,42,1786.41,5781.96,3.237,223.66
2024-06-24,Paid Social,Social - Lookalike,57777,1682,123,1671.03,3517.44,2.105,110.5
2024-06-24,Paid Social,Social - Prospecting,71142,738,20,837.6,1598.26,1.908,90.81
2024-06-24,Paid Social,Social - Retargeting,20357,712,10,1778.9,2869.22,1.613,61.29
2024-07-01,Affiliate,Affiliate - Partner A,13719,477,19,431.47,1253.63,2.905,190.55
2024-07-01,Affiliate,Affiliate - Partner B,30136,173,5,359.51,1048.46,2.916,191.64
2024-07-01,Display,Display - Banner,47959,1127,76,1073.97,1726.62,1.608,60.77
2024-07-01,Display,Display - Native,4179,165,12,572.88,941.94,1.644,64.42
2024-07-01,Email,Email - Newsletter,7783,188,9,249.61,1387.19,5.557,455.74
2024-07-01,Email,Email - Promo,3491,109,3,176.38,1008.82,5.72,471.96
2024-07-01,Organic/SEO,SEO - Blog,143816,1046,14,153.1,1037.64,6.778,577.75
2024-07-01,Organic/SEO,SEO - Landing Pages,75678,790,41,274.52,1728.82,6.298,529.76
2024-07-01,Paid Search,Search - Brand,17886,571,35,961.82,3074.02,3.196,219.6
2024-07-01,Paid Search,Search - Competitor,40763,792,50,1865.29,6381.58,3.421,242.12
2024-07-01,Paid Search,Search - Generic,28362,1076,23,854.65,2595.01,3.036,203.63
2024-07-01,Paid Social,Social - Lookalike,17408,408,22,1415.42,3961.21,2.799,179.86
2024-07-01,Paid Social,Social - Prospecting,15414,485,33,922.95,2479.25,2.686,168.62
2024-07-01,Paid Social,Social - Retargeting,119141,1640,46,1998.36,2429.41,1.216,21.57
2024-07-08,Affiliate,Affiliate - Partner A,45995,1598,84,879.5,2774.74,3.155,215.49
2024-07-08,Affiliate,Affiliate - Partner B,28432,295,18,630.32,1633.77,2.592,159.2
2024-07-08,Display,Display - Banner,12872,175,2,392.52,387.31,0.987,-1.33
2024-07-08,Display,Display - Native,27540,308,20,501.23,340.63,0.68,-32.04
2024-07-08,Email,Email - Newsletter,15110,85,6,281.42,1849.3,6.571,557.13
2024-07-08,Email,Email - Promo,2695,105,7,287.98,1593.21,5.532,453.24
2024-07-08,Organic/SEO,SEO - Blog,16344,352,16,122.51,947.28,7.732,673.23
2024-07-08,Organic/SEO,SEO - Landing Pages,35222,631,14,193.66,1123.28,5.8,480.03
2024-07-08,Paid Search,Search - Brand,88740,2937,212,1555.97,4135.29,2.658,165.77
2024-07-08,Paid Search,Search - Competitor,16820,437,33,1144.74,3341.61,2.919,191.91
2024-07-08,Paid Search,Search - Generic,10564,256,5,818.73,2534.37,3.095,209.55
2024-07-08,Paid Social,Social - Lookalike,16153,539,32,1501.61,2645.63,1.762,76.19
2024-07-08,Paid Social,Social - Prospecting,40140,706,18,1291.69,3665.68,2.838,183.79
2024-07-08,Paid Social,Social - Retargeting,45524,257,10,664.35,2161.31,3.253,225.33
2024-07-15,Affiliate,Affiliate - Partner A,13367,315,16,475.85,1246.62,2.62,161.98
2024-07-15,Affiliate,Affiliate - Partner B,7748,153,2,215.28,645.67,2.999,199.92
2024-07-15,Display,Display - Banner,140659,1455,84,1096.58,1144.61,1.044,4.38
2024-07-15,Display,Display - Native,22409,458,17,342.64,478.1,1.395,39.53
2024-07-15,Email,Email - Newsletter,16903,448,16,180.47,937.24,5.193,419.33
2024-07-15,Email,Email - Promo,45141,618,25,212.83,767.64,3.607,260.68
2024-07-15,Organic/SEO,SEO - Blog,222396,5793,367,334.85,2395.65,7.154,615.44
2024-07-15,Organic/SEO,SEO - Landing Pages,18203,683,53,185.44,1272.97,6.865,586.46
2024-07-15,Paid Search,Search - Brand,11500,353,8,1173.29,3517.76,2.998,199.82
2024-07-15,Paid Search,Search - Competitor,23839,943,19,2375.34,7713.71,3.247,224.74
2024-07-15,Paid Search,Search - Generic,55499,747,39,2261.25,7198.36,3.183,218.34
2024-07-15,Paid Social,Social - Lookalike,19115,531,9,1779.82,5241.28,2.945,194.48
2024-07-15,Paid Social,Social - Prospecting,69526,521,22,723.76,1410.39,1.949,94.87
2024-07-15,Paid Social,Social - Retargeting,34856,1206,55,1655.28,4216.37,2.547,154.72
2024-07-22,Affiliate,Affiliate - Partner A,24952,233,6,439.86,1444.25,3.283,228.34
2024-07-22,Affiliate,Affiliate - Partner B,6615,250,13,722.98,2116.08,2.927,192.69
2024-07-22,Display,Display - Banner,55759,867,10,777.65,1417.89,1.823,82.33
2024-07-22,Display,Display - Native,23179,263,15,652.65,1040.8,1.595,59.47
2024-07-22,Email,Email - Newsletter,2692,81,3,115.87,744.19,6.423,542.26
2024-07-22,Email,Email - Promo,5206,65,4,140.32,632.23,4.506,350.56
2024-07-22,Organic/SEO,SEO - Blog,46420,787,16,313.11,1624.58,5.189,418.85
2024-07-22,Organic/SEO,SEO - Landing Pages,86096,2278,25,255.75,1567.54,6.129,512.92
2024-07-22,Paid Search,Search - Brand,41929,425,14,871.99,2500.05,2.867,186.71
2024-07-22,Paid Search,Search - Competitor,92567,887,12,1615.66,6605.77,4.089,308.86
2024-07-22,Paid Search,Search - Generic,41109,1418,46,2479.0,7816.05,3.153,215.29
2024-07-22,Paid Social,Social - Lookalike,43186,1509,56,1803.34,2735.51,1.517,51.69
2024-07-22,Paid Social,Social - Prospecting,122942,1005,39,1923.58,4800.45,2.496,149.56
2024-07-22,Paid Social,Social - Retargeting,39689,558,25,1902.15,4581.91,2.409,140.88
2024-07-29,Affiliate,Affiliate - Partner A,27094,612,24,825.62,2713.21,3.286,228.63
2024-07-29,Affiliate,Affiliate - Partner B,27890,483,23,380.16,1097.14,2.886,188.6
2024-07-29,Display,Display - Banner,16818,139,7,384.91,738.03,1.917,91.74
2024-07-29,Display,Display - Native,4408,115,8,330.76,392.99,1.188,18.81
2024-07-29,Email,Email - Newsletter,6937,45,1,74.47,425.33,5.711,471.14
2024-07-29,Email,Email - Promo,1956,70,2,116.3,696.57,5.989,498.94
2024-07-29,Organic/SEO,SEO - Blog,41112,1601,103,224.02,1743.36,7.782,678.22
2024-07-29,Organic/SEO,SEO - Landing Pages,167035,3913,85,390.28,2162.71,5.541,454.14
2024-07-29,Paid Search,Search - Brand,633993,5572,149,2377.04,7373.57,3.102,210.2
2024-07-29,Paid Search,Search - Competitor,398492,2344,56,1376.31,3774.44,2.742,174.24
2024-07-29,Paid Search,Search - Generic,75554,1379,50,1265.64,4085.8,3.228,222.82
2024-07-29,Paid Social,Social - Lookalike,26525,419,31,1208.09,2967.98,2.457,145.68
2024-07-29,Paid Social,Social - Prospecting,22386,507,23,1659.31,5000.24,3.013,201.34
2024-07-29,Paid Social,Social - Retargeting,10940,378,27,1040.41,2789.02,2.681,168.07
2024-08-05,Affiliate,Affiliate - Partner A,8360,199,6,295.53,787.82,2.666,166.58
2024-08-05,Affiliate,Affiliate - Partner B,11725,217,5,242.44,581.96,2.4,140.04
2024-08-05,Display,Display - Banner,7492,120,4,402.62,248.14,0.616,-38.37
2024-08-05,Display,Display - Native,21348,778,21,707.21,834.61,1.18,18.01
2024-08-05,Email,Email - Newsletter,19117,533,17,226.32,1359.67,6.008,500.77
2024-08-05,Email,Email - Promo,2051,64,4,213.86,777.92,3.638,263.75
2024-08-05,Organic/SEO,SEO - Blog,56178,960,45,178.57,1163.72,6.517,551.69
2024-08-05,Organic/SEO,SEO - Landing Pages,33413,1297,60,331.56,2191.27,6.609,560.9
2024-08-05,Paid Search,Search - Brand,51044,1916,34,2190.99,8390.52,3.83,282.96
2024-08-05,Paid Search,Search - Competitor,28756,811,14,914.8,2985.62,3.264,226.37
2024-08-05,Paid Search,Search - Generic,138900,3601,241,1758.57,4994.79,2.84,184.03
2024-08-05,Paid Social,Social - Lookalike,17997,671,10,1237.49,3936.08,3.181,218.07
2024-08-05,Paid Social,Social - Prospecting,130866,2135,109,1911.87,4845.78,2.535,153.46
2024-08-05,Paid Social,Social - Retargeting,232033,2006,160,1605.29,3136.23,1.954,95.37
2024-08-12,Affiliate,Affiliate - Partner A,6998,255,20,565.2,1708.79,3.023,202.33
2024-08-12,Affiliate,Affiliate - Partner B,16739,290,8,255.12,757.48,2.969,196.91
2024-08-12,Display,Display - Banner,76817,1170,91,1099.23,1389.34,1.264,26.39
2024-08-12,Display,Display - Native,47125,729,9,937.37,696.03,0.743,-25.75
2024-08-12,Email,Email - Newsletter,24072,735,56,232.12,1103.82,4.755,375.54
2024-08-12,Email,Email - Promo,6316,128,4,239.13,1476.66,6.175,517.51
2024-08-12,Organic/SEO,SEO - Blog,18319,681,8,152.36,951.16,6.243,524.28
2024-08-12,Organic/SEO,SEO - Landing Pages,108273,1537,121,120.09,871.56,7.258,625.76
2024-08-12,Paid Search,Search - Brand,240228,4809,283,2346.66,8022.83,3.419,241.88
2024-08-12,Paid Search,Search - Competitor,22411,794,42,2077.58,6546.38,3.151,215.1
2024-08-12,Paid Search,Search - Generic,168218,4150,78,2477.41,9527.73,3.846,284.58
2024-08-12,Paid Social,Social - Lookalike,27813,338,5,863.35,1405.41,1.628,62.79
2024-08-12,Paid Social,Social - Prospecting,13722,486,6,1457.42,3573.01,2.452,145.16
2024-08-12,Paid Social,Social - Retargeting,16285,451,17,1378.67,3787.99,2.748,174.76
2024-08-19,Affiliate,Affiliate - Partner A,38005,1113,77,810.47,2946.03,3.635,263.5
2024-08-19,Affiliate,Affiliate - Partner B,168025,1118,70,366.27,1109.94,3.03,203.04
2024-08-19,Display,Display - Banner,20771,213,14,740.01,965.97,1.305,30.53
2024-08-19,Display,Display - Native,3889,110,6,346.57,640.29,1.848,84.75
2024-08-19,Email,Email - Newsletter,3354,78,3,115.83,683.97,5.905,490.49
2024-08-19,Email,Email - Promo,6694,119,2,131.72,874.65,6.64,564.02
2024-08-19,Organic/SEO,SEO - Blog,168991,1270,65,396.16,2971.77,7.501,650.14
2024-08-19,Organic/SEO,SEO - Landing Pages,235021,6071,481,326.82,1318.49,4.034,303.43
2024-08-19,Paid Search,Search - Brand,24074,540,27,1155.23,4786.23,4.143,314.31
2024-08-19,Paid Search,Search - Competitor,144880,1075,23,2276.0,9874.92,4.339,333.87
2024-08-19,Paid Search,Search - Generic,96880,1937,112,1440.45,5405.25,3.752,275.25
2024-08-19,Paid Social,Social - Lookalike,43828,873,57,1795.08,1332.66,0.742,-25.76
2024-08-19,Paid Social,Social - Prospecting,18792,570,8,696.79,2175.11,3.122,212.16
2024-08-19,Paid Social,Social - Retargeting,530225,3092,43,1807.57,3524.76,1.95,95.0
2024-08-26,Affiliate,Affiliate - Partner A,4238,108,6,234.35,658.14,2.808,180.84
2024-08-26,Affiliate,Affiliate - Partner B,9230,248,11,704.15,2141.03,3.041,204.06
2024-08-26,Display,Display - Banner,4919,155,10,361.76,369.14,1.02,2.04
2024-08-26,Display,Display - Native,24145,710,54,946.52,650.12,0.687,-31.31
2024-08-26,Email,Email - Newsletter,3654,115,9,196.88,1214.47,6.169,516.86
2024-08-26,Email,Email - Promo,2013,44,2,90.1,345.99,3.84,284.01
2024-08-26,Organic/SEO,SEO - Blog,82484,1935,137,281.86,1274.85,4.523,352.3
2024-08-26,Organic/SEO,SEO - Landing Pages,92470,1180,72,303.72,1645.79,5.419,441.88
2024-08-26,Paid Search,Search - Brand,72726,1777,91,1237.95,3533.25,2.854,185.41
2024-08-26,Paid Search,Search - Competitor,34212,1287,74,1744.99,5866.65,3.362,236.2
2024-08-26,Paid Search,Search - Generic,20480,680,18,2146.86,6829.97,3.181,218.14
2024-08-26,Paid Social,Social - Lookalike,39359,1437,87,877.17,2044.8,2.331,133.11
2024-08-26,Paid Social,Social - Prospecting,44083,972,17,1964.43,4299.43,2.189,118.86
2024-08-26,Paid Social,Social - Retargeting,48030,1806,33,931.38,2018.61,2.167,116.73
2024-09-02,Affiliate,Affiliate - Partner A,11652,146,3,302.08,696.46,2.306,130.55
2024-09-02,Affiliate,Affiliate - Partner B,6959,257,5,594.32,1920.23,3.231,223.1
2024-09-02,Display,Display - Banner,12115,272,3,797.03,1271.96,1.596,59.59
2024-09-02,Display,Display - Native,21017,309,4,914.71,1470.48,1.608,60.76
2024-09-02,Email,Email - Newsletter,5167,142,6,285.09,1332.06,4.672,367.24
2024-09-02,Email,Email - Promo,19322,254,17,154.94,566.71,3.658,265.76
2024-09-02,Organic/SEO,SEO - Blog,40560,1099,58,374.03,2693.39,7.201,620.1
2024-09-02,Organic/SEO,SEO - Landing Pages,135752,5231,266,291.76,2163.28,7.415,641.46
2024-09-02,Paid Search,Search - Brand,59700,1006,41,2206.65,8558.23,3.878,287.84
2024-09-02,Paid Search,Search - Competitor,18320,697,31,1043.11,3929.29,3.767,276.69
2024-09-02,Paid Search,Search - Generic,64567,1155,15,2268.98,5149.23,2.269,126.94
2024-09-02,Paid Social,Social - Lookalike,9936,357,16,1162.99,3485.86,2.997,199.73
2024-09-02,Paid Social,Social - Prospecting,19999,671,24,928.78,1380.8,1.487,48.67
2024-09-02,Paid Social,Social - Retargeting,97631,2568,198,1681.51,3069.08,1.825,82.52
2024-09-09,Affiliate,Affiliate - Partner A,12995,248,15,434.05,1141.12,2.629,162.9
2024-09-09,Affiliate,Affiliate - Partner B,77060,1182,87,825.19,2320.86,2.813,181.25
2024-09-09,Display,Display - Banner,3513,140,1,337.13,668.43,1.983,98.27
2024-09-09,Display,Display - Native,11294,272,14,801.83,1045.9,1.304,30.44
2024-09-09,Email,Email - Newsletter,8659,324,3,224.18,1632.54,7.282,628.23
2024-09-09,Email,Email - Promo,54514,280,11,259.05,1915.17,7.393,639.31
2024-09-09,Organic/SEO,SEO - Blog,8700,333,12,126.62,916.39,7.237,623.73
2024-09-09,Organic/SEO,SEO - Landing Pages,156584,956,19,300.22,2235.13,7.445,644.5
2024-09-09,Paid Search,Search - Brand,274334,6266,285,2128.49,6773.04,3.182,218.21
2024-09-09,Paid Search,Search - Competitor,121070,1851,88,2448.88,6977.14,2.849,184.91
2024-09-09,Paid Search,Search - Generic,59793,1403,50,1542.88,6000.06,3.889,288.89
2024-09-09,Paid Social,Social - Lookalike,30338,793,29,1549.63,5133.96,3.313,231.3
2024-09-09,Paid Social,Social - Prospecting,25896,388,22,1298.99,3022.42,2.327,132.67
2024-09-09,Paid Social,Social - Retargeting,58341,355,18,635.06,1618.99,2.549,154.93
2024-09-16,Affiliate,Affiliate - Partner A,57742,745,51,476.1,925.11,1.943,94.31
2024-09-16,Affiliate,Affiliate - Partner B,19769,439,29,477.59,1433.89,3.002,200.23
2024-09-16,Display,Display - Banner,20429,244,14,717.96,1297.01,1.807,80.65
2024-09-16,Display,Display - Native,21136,321,23,983.99,1412.93,1.436,43.59
2024-09-16,Email,Email - Newsletter,2743,95,7,232.35,1349.82,5.809,480.94
2024-09-16,Email,Email - Promo,2733,57,4,155.04,963.26,6.213,521.3
2024-09-16,Organic/SEO,SEO - Blog,68697,1467,77,368.55,2761.4,7.493,649.26
2024-09-16,Organic/SEO,SEO - Landing Pages,42885,1088,49,234.18,1411.95,6.029,502.93
2024-09-16,Paid Search,Search - Brand,43833,758,54,1844.14,4301.48,2.333,133.25
2024-09-16,Paid Search,Search - Competitor,10580,387,27,1135.72,4449.19,3.918,291.75
2024-09-16,Paid Search,Search - Generic,54521,790,35,2192.74,4730.81,2.157,115.75
2024-09-16,Paid Social,Social - Lookalike,24059,559,22,1295.19,3250.6,2.51,150.97
2024-09-16,Paid Social,Social - Prospecting,23687,592,23,1943.43,6625.99,3.409,240.94
2024-09-16,Paid Social,Social - Retargeting,84114,1131,17,1384.52,1819.58,1.314,31.42
2024-09-23,Affiliate,Affiliate - Partner A,18254,93,2,295.66,798.35,2.7,170.02
2024-09-23,Affiliate,Affiliate - Partner B,23789,502,11,588.53,2129.3,3.618,261.8
2024-09-23,Display,Display - Banner,47457,1305,101,1103.24,2158.09,1.956,95.61
2024-09-23,Display,Display - Native,13231,171,7,522.53,282.62,0.541,-45.91
2024-09-23,Email,Email - Newsletter,6236,143,9,297.72,1717.3,5.768,476.82
2024-09-23,Email,Email - Promo,5334,165,10,138.82,666.32,4.8,379.99
2024-09-23,Organic/SEO,SEO - Blog,124593,1029,71,258.89,2169.22,8.379,737.89
2024-09-23,Organic/SEO,SEO - Landing Pages,26700,865,21,152.49,950.64,6.234,523.41
2024-09-23,Paid Search,Search - Brand,35165,596,39,1602.65,4510.47,2.814,181.44
2024-09-23,Paid Search,Search - Competitor,47182,1080,82,1205.94,3366.51,2.792,179.16
2024-09-23,Paid Search,Search - Generic,69398,1040,64,2251.21,7441.89,3.306,230.57
2024-09-23,Paid Social,Social - Lookalike,15552,464,19,1345.84,3159.03,2.347,134.73
2024-09-23,Paid Social,Social - Prospecting,9180,327,7,1133.83,2724.81,2.403,140.32
2024-09-23,Paid Social,Social - Retargeting,31599,1121,65,1747.52,3848.87,2.202,120.25
2024-09-30,Affiliate,Affiliate - Partner A,4031,161,7,447.3,1085.95,2.428,142.78
2024-09-30,Affiliate,Affiliate - Partner B,26240,356,11,242.91,783.09,3.224,222.38
2024-09-30,Display,Display - Banner,114371,1040,17,762.64,1026.49,1.346,34.6
2024-09-30,Display,Display - Native,30086,879,51,874.01,1587.18,1.816,81.6
2024-09-30,Email,Email - Newsletter,3503,120,1,184.79,849.15,4.595,359.52
2024-09-30,Email,Email - Promo,3084,78,4,234.96,986.38,4.198,319.81
2024-09-30,Organic/SEO,SEO - Blog,449667,2956,210,319.31,2476.33,7.755,675.53
2024-09-30,Organic/SEO,SEO - Landing Pages,209419,5142,153,308.05,2147.05,6.97,596.98
2024-09-30,Paid Search,Search - Brand,213885,2756,167,1117.33,2594.17,2.322,132.18
2024-09-30,Paid Search,Search - Competitor,36017,1003,74,1987.33,6851.59,3.448,244.76
2024-09-30,Paid Search,Search - Generic,21632,712,50,2223.55,5967.97,2.684,168.4
2024-09-30,Paid Social,Social - Lookalike,38988,679,37,1842.39,5202.76,2.824,182.39
2024-09-30,Paid Social,Social - Prospecting,36565,1392,57,740.73,1283.52,1.733,73.28
2024-09-30,Paid Social,Social - Retargeting,41735,445,29,1545.48,4080.35,2.64,164.02
2024-10-07,Affiliate,Affiliate - Partner A,17696,372,4,851.5,2515.63,2.954,195.44
2024-10-07,Affiliate,Affiliate - Partner B,25804,377,14,374.68,979.83,2.615,161.51
2024-10-07,Display,Display - Banner,12944,237,9,357.79,478.65,1.338,33.78
2024-10-07,Display,Display - Native,10004,379,21,1033.54,1955.29,1.892,89.18
2024-10-07,Email,Email - Newsletter,4147,97,3,157.92,975.25,6.176,517.56
2024-10-07,Email,Email - Promo,5628,109,5,76.06,398.58,5.24,424.03
2024-10-07,Organic/SEO,SEO - Blog,293057,2425,117,258.71,1683.85,6.509,550.86
2024-10-07,Organic/SEO,SEO - Landing Pages,266072,1556,118,198.72,1492.75,7.512,651.18
2024-10-07,Paid Search,Search - Brand,36952,557,32,1814.43,4719.71,2.601,160.12
2024-10-07,Paid Search,Search - Competitor,34538,441,18,1173.99,3349.37,2.853,185.3
2024-10-07,Paid Search,Search - Generic,8390,259,11,891.89,2544.35,2.853,185.28
2024-10-07,Paid Social,Social - Lookalike,48878,1250,32,1213.53,4007.93,3.303,230.27
2024-10-07,Paid Social,Social - Prospecting,18210,501,27,1247.92,3719.59,2.981,198.06
2024-10-07,Paid Social,Social - Retargeting,67387,2193,88,978.66,3895.89,3.981,298.08
2024-10-14,Affiliate,Affiliate - Partner A,8367,107,7,371.24,1098.31,2.958,195.85
2024-10-14,Affiliate,Affiliate - Partner B,11862,194,12,318.05,985.38,3.098,209.82
2024-10-14,Display,Display - Banner,17864,94,1,331.02,321.5,0.971,-2.88
2024-10-14,Display,Display - Native,14305,414,21,906.73,856.03,0.944,-5.59
2024-10-14,Email,Email - Newsletter,5217,64,3,141.3,623.69,4.414,341.39
2024-10-14,Email,Email - Promo,9166,149,2,270.48,1642.42,6.072,507.22
2024-10-14,Organic/SEO,SEO - Blog,115988,3733,75,387.31,2516.62,6.498,549.77
2024-10-14,Organic/SEO,SEO - Landing Pages,212368,2229,24,374.01,2281.86,6.101,510.11
2024-10-14,Paid Search,Search - Brand,32507,1279,68,984.12,3153.7,3.205,220.46
2024-10-14,Paid Search,Search - Competitor,32346,1216,24,1859.22,6408.05,3.447,244.66
2024-10-14,Paid Search,Search - Generic,80572,3151,76,1837.49,8171.25,4.447,344.7
2024-10-14,Paid Social,Social - Lookalike,143087,1938,135,1542.92,4606.53,2.986,198.56
2024-10-14,Paid Social,Social - Prospecting,21581,839,11,1995.9,4880.45,2.445,144.52
2024-10-14,Paid Social,Social - Retargeting,72396,740,35,1892.01,3786.38,2.001,100.12
2024-10-21,Affiliate,Affiliate - Partner A,5702,206,13,255.65,744.51,2.912,191.22
2024-10-21,Affiliate,Affiliate - Partner B,7018,268,4,688.73,2142.8,3.111,211.12
2024-10-21,Display,Display - Banner,4620,156,4,444.3,351.36,0.791,-20.92
2024-10-21,Display,Display - Native,15646,437,10,794.06,1120.2,1.411,41.07
2024-10-21,Email,Email - Newsletter,3838,99,2,294.81,1968.8,6.678,567.82
2024-10-21,Email,Email - Promo,3313,85,1,236.42,1636.41,6.922,592.16
2024-10-21,Organic/SEO,SEO - Blog,29539,638,31,197.85,1216.09,6.147,514.65
2024-10-21,Organic/SEO,SEO - Landing Pages,38587,1354,70,194.25,1289.15,6.637,563.66
2024-10-21,Paid Search,Search - Brand,10990,428,7,1221.51,3519.03,2.881,188.09
2024-10-21,Paid Search,Search - Competitor,35459,985,18,1775.54,6588.34,3.711,271.06
2024-10-21,Paid Search,Search - Generic,54637,886,26,1806.7,5852.46,3.239,223.93
2024-10-21,Paid Social,Social - Lookalike,189620,1351,65,1448.75,5068.56,3.499,249.86
2024-10-21,Paid Social,Social - Prospecting,23344,651,38,1902.83,4589.67,2.412,141.2
2024-10-21,Paid Social,Social - Retargeting,47972,707,11,1602.58,3845.12,2.399,139.93
2024-10-28,Affiliate,Affiliate - Partner A,4546,147,9,355.37,1449.87,4.08,307.99
2024-10-28,Affiliate,Affiliate - Partner B,9942,240,17,421.39,1102.63,2.617,161.66
2024-10-28,Display,Display - Banner,21560,774,27,838.0,1304.17,1.556,55.63
2024-10-28,Display,Display - Native,25974,795,32,701.43,696.81,0.993,-0.66
2024-10-28,Email,Email - Newsletter,593,18,1,54.06,364.85,6.749,574.9
2024-10-28,Email,Email - Promo,4637,122,3,276.7,1393.87,5.037,403.75
2024-10-28,Organic/SEO,SEO - Blog,26883,1042,44,362.45,2124.82,5.862,486.24
2024-10-28,Organic/SEO,SEO - Landing Pages,43654,612,13,114.24,638.07,5.585,458.53
2024-10-28,Paid Search,Search - Brand,205167,2849,74,1442.58,4835.84,3.352,235.22
2024-10-28,Paid Search,Search - Competitor,18164,577,23,1880.42,5988.44,3.185,218.46
2024-10-28,Paid Search,Search - Generic,210069,1087,24,2475.12,7076.85,2.859,185.92
2024-10-28,Paid Social,Social - Lookalike,148186,1859,53,1460.45,3113.32,2.132,113.18
2024-10-28,Paid Social,Social - Prospecting,33796,929,69,1649.32,2627.79,1.593,59.33
2024-10-28,Paid Social,Social - Retargeting,55893,1548,100,948.14,2224.49,2.346,134.62
2024-11-04,Affiliate,Affiliate - Partner A,20251,189,4,270.78,551.67,2.037,103.73
2024-11-04,Affiliate,Affiliate - Partner B,32648,1210,38,583.5,1759.1,3.015,201.47
2024-11-04,Display,Display - Banner,230951,1502,90,923.56,1025.33,1.11,11.02
2024-11-04,Display,Display - Native,85705,2759,100,1329.64,3043.18,2.289,128.87
2024-11-04,Email,Email - Newsletter,6640,48,3,169.87,1008.22,5.935,493.52
2024-11-04,Email,Email - Promo,3110,109,2,283.32,1113.14,3.929,292.89
2024-11-04,Organic/SEO,SEO - Blog,177634,5333,277,532.8,2884.35,5.414,441.36
2024-11-04,Organic/SEO,SEO - Landing Pages,465352,3575,186,414.71,3162.1,7.625,662.48
2024-11-04,Paid Search,Search - Brand,30636,969,53,3267.61,8237.21,2.521,152.09
2024-11-04,Paid Search,Search - Competitor,24592,688,28,1772.62,5587.4,3.152,215.21
2024-11-04,Paid Search,Search - Generic,96235,1110,83,2631.46,6802.97,2.585,158.52
2024-11-04,Paid Social,Social - Lookalike,56644,1649,125,1174.78,2182.6,1.858,85.79
2024-11-04,Paid Social,Social - Prospecting,56387,816,23,2005.32,3742.16,1.866,86.61
2024-11-04,Paid Social,Social - Retargeting,39241,820,19,1116.52,3029.91,2.714,171.37
2024-11-11,Affiliate,Affiliate - Partner A,6577,193,3,529.16,1755.65,3.318,231.78
2024-11-11,Affiliate,Affiliate - Partner B,40421,1119,49,1033.4,2527.18,2.446,144.55
2024-11-11,Display,Display - Banner,14822,411,30,1330.24,1949.01,1.465,46.52
2024-11-11,Display,Display - Native,206180,1821,30,911.29,1203.57,1.321,32.07
2024-11-11,Email,Email - Newsletter,2533,65,1,186.21,1222.6,6.566,556.57
2024-11-11,Email,Email - Promo,63155,936,31,319.92,1506.07,4.708,370.76
2024-11-11,Organic/SEO,SEO - Blog,159103,1352,29,312.94,3037.43,9.706,870.61
2024-11-11,Organic/SEO,SEO - Landing Pages,72280,1260,41,188.68,1350.19,7.156,615.6
2024-11-11,Paid Search,Search - Brand,32919,1299,74,3344.22,9603.79,2.872,187.18
2024-11-11,Paid Search,Search - Competitor,155564,1724,24,3230.46,10550.36,3.266,226.59
2024-11-11,Paid Search,Search - Generic,155063,799,36,1172.22,4208.96,3.591,259.06
2024-11-11,Paid Social,Social - Lookalike,246811,2567,193,1543.41,4340.98,2.813,181.26
2024-11-11,Paid Social,Social - Prospecting,31251,313,9,962.23,3242.32,3.37,236.96
2024-11-11,Paid Social,Social - Retargeting,19289,569,31,1178.6,2720.28,2.308,130.81
2024-11-18,Affiliate,Affiliate - Partner A,12609,280,12,603.34,1352.41,2.242,124.15
2024-11-18,Affiliate,Affiliate - Partner B,28705,625,7,1183.15,3481.64,2.943,194.27
2024-11-18,Display,Display - Banner,22346,667,39,1571.01,1224.27,0.779,-22.07
2024-11-18,Display,Display - Native,42733,698,12,1401.07,2473.45,1.765,76.54
2024-11-18,Email,Email - Newsletter,29645,246,5,291.82,1744.99,5.98,497.97
2024-11-18,Email,Email - Promo,20966,171,6,283.07,1539.47,5.438,443.85
2024-11-18,Organic/SEO,SEO - Blog,92572,3701,223,516.71,2791.53,5.403,440.25
2024-11-18,Organic/SEO,SEO - Landing Pages,100667,2616,39,154.18,733.39,4.757,375.67
2024-11-18,Paid Search,Search - Brand,62526,969,17,3141.49,8676.7,2.762,176.2
2024-11-18,Paid Search,Search - Competitor,128198,2835,35,3309.27,12017.76,3.632,263.15
2024-11-18,Paid Search,Search - Generic,22973,822,35,2356.52,8352.23,3.544,254.43
2024-11-18,Paid Social,Social - Lookalike,11800,452,8,1241.07,2366.59,1.907,90.69
2024-11-18,Paid Social,Social - Prospecting,72944,1808,23,2329.56,3497.08,1.501,50.12
2024-11-18,Paid Social,Social - Retargeting,83510,1812,61,959.9,1738.71,1.811,81.13
2024-11-25,Affiliate,Affiliate - Partner A,10125,262,8,570.56,1443.37,2.53,152.97
2024-11-25,Affiliate,Affiliate - Partner B,25188,245,10,582.15,1388.86,2.386,138.57
2024-11-25,Display,Display - Banner,117942,1017,45,818.28,903.23,1.104,10.38
2024-11-25,Display,Display - Native,17391,558,20,1221.35,1187.89,0.973,-2.74
2024-11-25,Email,Email - Newsletter,11203,185,8,78.6,281.64,3.583,258.32
2024-11-25,Email,Email - Promo,3550,102,5,187.76,957.63,5.1,410.03
2024-11-25,Organic/SEO,SEO - Blog,132664,1421,64,496.54,2880.13,5.8,480.04
2024-11-25,Organic/SEO,SEO - Landing Pages,39574,828,63,306.86,2050.39,6.682,568.18
2024-11-25,Paid Search,Search - Brand,59174,1573,47,3222.13,9529.88,2.958,195.76
2024-11-25,Paid Search,Search - Competitor,13072,432,22,1108.61,3816.46,3.443,244.26
2024-11-25,Paid Search,Search - Generic,245168,1960,62,1226.81,3219.4,2.624,162.42
2024-11-25,Paid Social,Social - Lookalike,30922,471,21,1474.05,3239.29,2.198,119.75
2024-11-25,Paid Social,Social - Prospecting,35157,799,20,2410.59,6054.2,2.512,151.15
2024-11-25,Paid Social,Social - Retargeting,500904,6759,241,2594.43,5650.09,2.178,117.78
2024-12-02,Affiliate,Affiliate - Partner A,14404,197,3,682.84,1862.39,2.727,172.74
2024-12-02,Affiliate,Affiliate - Partner B,97561,512,26,682.36,1630.98,2.39,139.02
2024-12-02,Display,Display - Banner,76774,530,16,1026.9,1358.06,1.322,32.25
2024-12-02,Display,Display - Native,29547,207,14,585.2,379.67,0.649,-35.12
2024-12-02,Email,Email - Newsletter,6599,126,2,304.97,1229.56,4.032,303.17
2024-12-02,Email,Email - Promo,1793,67,4,209.5,960.13,4.583,358.3
2024-12-02,Organic/SEO,SEO - Blog,180930,3212,229,206.09,1110.0,5.386,438.6
2024-12-02,Organic/SEO,SEO - Landing Pages,44529,734,49,231.15,1586.55,6.864,586.37
2024-12-02,Paid Search,Search - Brand,18579,455,11,1480.58,7024.25,4.744,374.43
2024-12-02,Paid Search,Search - Competitor,58077,348,21,1190.35,4456.35,3.744,274.37
2024-12-02,Paid Search,Search - Generic,33375,680,19,2259.66,6729.38,2.978,197.8
2024-12-02,Paid Social,Social - Lookalike,79571,1807,30,1998.14,4482.31,2.243,124.32
2024-12-02,Paid Social,Social - Prospecting,114448,3344,185,2182.36,6251.01,2.864,186.43
2024-12-02,Paid Social,Social - Retargeting,11019,405,28,800.81,2359.24,2.946,194.61
2024-12-09,Affiliate,Affiliate - Partner A,67608,1864,112,563.29,1979.51,3.514,251.42
2024-12-09,Affiliate,Affiliate - Partner B,8215,237,6,686.53,2957.04,4.307,330.72
2024-12-09,Display,Display - Banner,10888,269,15,802.62,1381.1,1.721,72.07
2024-12-09,Display,Display - Native,33895,417,18,1120.97,1292.84,1.153,15.33
2024-12-09,Email,Email - Newsletter,2808,74,1,226.63,1237.32,5.46,445.96
2024-12-09,Email,Email - Promo,5715,107,7,292.2,1283.97,4.394,339.41
2024-12-09,Organic/SEO,SEO - Blog,28876,1126,83,445.88,3322.26,7.451,645.1
2024-12-09,Organic/SEO,SEO - Landing Pages,141814,3406,216,375.6,1864.81,4.965,396.49
2024-12-09,Paid Search,Search - Brand,1203562,7496,594,2272.63,6608.94,2.908,190.81
2024-12-09,Paid Search,Search - Competitor,371512,5605,350,1801.99,5163.68,2.866,186.55
2024-12-09,Paid Search,Search - Generic,134371,768,50,2449.36,6656.12,2.717,171.75
2024-12-09,Paid Social,Social - Lookalike,11455,431,21,1386.06,1781.16,1.285,28.51
2024-12-09,Paid Social,Social - Prospecting,98028,1555,120,1966.76,2892.01,1.47,47.04
2024-12-09,Paid Social,Social - Retargeting,34915,675,32,1397.13,2475.36,1.772,77.17
2024-12-16,Affiliate,Affiliate - Partner A,31892,657,21,843.36,2345.7,2.781,178.14
2024-12-16,Affiliate,Affiliate - Partner B,15505,482,7,541.55,1960.63,3.62,262.04
2024-12-16,Display,Display - Banner,38147,884,26,1238.91,2074.63,1.675,67.46
2024-12-16,Display,Display - Native,13398,359,16,1172.08,909.96,0.776,-22.36
2024-12-16,Email,Email - Newsletter,7070,81,6,261.94,1445.49,5.518,451.84
2024-12-16,Email,Email - Promo,4576,157,4,291.01,1855.0,6.374,537.44
2024-12-16,Organic/SEO,SEO - Blog,65672,1989,147,379.18,2735.26,7.214,621.36
2024-12-16,Organic/SEO,SEO - Landing Pages,55208,1782,54,391.24,2618.89,6.694,569.38
2024-12-16,Paid Search,Search - Brand,162385,2977,135,1938.28,8068.1,4.163,316.25
2024-12-16,Paid Search,Search - Competitor,51984,559,33,1015.25,3229.63,3.181,218.11
2024-12-16,Paid Search,Search - Generic,64983,2230,97,1765.19,6624.76,3.753,275.3
2024-12-16,Paid Social,Social - Lookalike,45971,414,28,1448.23,3902.79,2.695,169.49
2024-12-16,Paid Social,Social - Prospecting,86203,897,28,1970.47,6457.39,3.277,227.71
2024-12-16,Paid Social,Social - Retargeting,52469,676,22,2120.96,6073.0,2.863,186.33
2024-12-23,Affiliate,Affiliate - Partner A,60497,1903,65,886.74,2205.17,2.487,148.68
2024-12-23,Affiliate,Affiliate - Partner B,11553,178,4,543.41,1951.19,3.591,259.06
2024-12-23,Display,Display - Banner,13483,332,23,811.69,790.86,0.974,-2.57
2024-12-23,Display,Display - Native,131482,1147,88,1040.98,1242.35,1.193,19.34
2024-12-23,Email,Email - Newsletter,14657,105,7,229.67,1393.74,6.068,506.84
2024-12-23,Email,Email - Promo,4019,59,0,119.78,769.81,6.427,542.69
2024-12-23,Organic/SEO,SEO - Blog,173989,1375,29,221.69,1667.34,7.521,652.1
2024-12-23,Organic/SEO,SEO - Landing Pages,296939,3695,271,258.89,1668.8,6.446,544.6
2024-12-23,Paid Search,Search - Brand,107613,865,11,2491.59,6681.67,2.682,168.17
2024-12-23,Paid Search,Search - Competitor,112059,576,11,1899.87,6703.52,3.528,252.84
2024-12-23,Paid Search,Search - Generic,112040,1685,32,2870.46,9697.5,3.378,237.84
2024-12-23,Paid Social,Social - Lookalike,10424,279,8,947.17,2541.02,2.683,168.27
2024-12-23,Paid Social,Social - Prospecting,37980,1062,34,1086.83,2008.16,1.848,84.77
2024-12-23,Paid Social,Social - Retargeting,25726,754,26,1680.18,3919.36,2.333,133.27
2024-12-30,Affiliate,Affiliate - Partner A,9931,339,20,1028.76,3007.22,2.923,192.32
2024-12-30,Affiliate,Affiliate - Partner B,17556,480,22,875.45,3059.96,3.495,249.53
2024-12-30,Display,Display - Banner,8171,162,5,440.48,711.2,1.615,61.46
2024-12-30,Display,Display - Native,6542,235,6,394.05,439.22,1.115,11.46
2024-12-30,Email,Email - Newsletter,43345,449,14,222.54,1489.15,6.692,569.16
2024-12-30,Email,Email - Promo,2657,94,5,250.15,1218.84,4.872,387.24
2024-12-30,Organic/SEO,SEO - Blog,36752,1212,93,408.61,2526.72,6.184,518.37
2024-12-30,Organic/SEO,SEO - Landing Pages,16865,637,46,200.88,1707.02,8.498,749.77
2024-12-30,Paid Search,Search - Brand,126286,2487,61,2659.97,9253.47,3.479,247.88
2024-12-30,Paid Search,Search - Competitor,14800,529,17,1499.17,4197.93,2.8,180.02
2024-12-30,Paid Search,Search - Generic,31026,546,28,1171.39,3712.33,3.169,216.92
2024-12-30,Paid Social,Social - Lookalike,229806,1462,76,2223.18,7280.7,3.275,227.49
2024-12-30,Paid Social,Social - Prospecting,110948,3420,75,1610.14,4297.28,2.669,166.89
2024-12-30,Paid Social,Social - Retargeting,185812,1544,53,1375.4,1836.21,1.335,33.5
